,companies,job_positions,location
0,Reynolds and Reynolds,"Entry Level Software Developer
new","College Station, TX 77845"
1,SummitWorks Technologies Inc,Entry Level Software Developer - Mid Level Software Engineer,"Edison, NJ"
2,LogMatrix,Entry Level Software Engineer,"Ponte Vedra Beach, FL"
3,RELX Group,"Entry level - Software Engineer I - .Net/C#
new","Boca Raton, FL"
4,SYSCON International,"Software Engineer I (Entry Level)
new","South Bend, IN 46601 (Southeast Quality area)"
5,Apple,Software or Machine Learning Engineer - Entry Level,"Santa Clara Valley, CA 95014"
6,"WILL Technology, Inc.",Software Engineer-Entry Level,"Orlando, FL"
7,Raptor Maps,Software Engineer (Entry-Level),"Somerville, MA 02143 (Union Square area)"
8,Offchain Labs,Software Engineer,Remote
9,Revature,"Entry Level Computer Programmer
new","Miami, FL"
10,Synergistic IT,Entry Level Software Developer,Remote
11,Catalyte,Become a Software Developer. No Experience Needed,"Boston, MA"
12,CAE Inc.,"Software Engineer I
new","Orlando, FL"
13,Jet Propulsion Laboratory,Software Engineer - Entry Level,"La Ca√±ada Flintridge, CA 91011"
14,BCLaw,Entry Level/Jr Software Engineer,"Corona, CA"
